,0,1,0,1
0,6295-OSINB,No,1.0,0.0
1,0115-TFERT,Yes,0.304,0.696
2,9135-HSWOC,No,1.0,0.0
3,4774-HHGGS,No,1.0,0.0
4,3489-HHPFY,Yes,0.24561403508771928,0.7543859649122807
5,4277-UDIEF,No,0.8068181818181818,0.19318181818181818
6,4415-IJZTP,Yes,0.24561403508771928,0.7543859649122807
7,2322-VCZHZ,Yes,0.47413793103448276,0.5258620689655172
8,4833-QTJNO,No,1.0,0.0
9,5696-JVVQY,No,0.9675324675324676,0.032467532467532464
10,3280-NMUVX,No,0.9659090909090909,0.03409090909090909
11,2226-ICFDO,No,0.9675324675324676,0.032467532467532464
12,4094-NSEDU,Yes,0.304,0.696
13,0620-XEFWH,No,0.5734265734265734,0.42657342657342656
14,1666-JZPZT,No,0.8068181818181818,0.19318181818181818
15,3396-DKDEL,No,0.7692307692307693,0.23076923076923078
16,7114-AEOZE,No,1.0,0.0
17,3544-FBCAS,No,0.9675324675324676,0.032467532467532464
18,0106-GHRQR,No,0.8068181818181818,0.19318181818181818
19,7661-CPURM,Yes,0.3333333333333333,0.6666666666666666
20,3115-CZMZD,No,1.0,0.0
21,3462-BJQQA,Yes,0.304,0.696
22,7508-SMHXL,Yes,0.304,0.696
23,7047-YXDMZ,No,0.9166666666666666,0.08333333333333333
24,3370-HXOPH,Yes,0.304,0.696
25,4654-ULTTN,No,0.9675324675324676,0.032467532467532464
26,8565-HBFNN,No,0.7692307692307693,0.23076923076923078
27,4349-GFQHK,No,0.5734265734265734,0.42657342657342656
28,8225-BTJAU,Yes,0.47413793103448276,0.5258620689655172
29,9356-AXGMP,Yes,0.3125,0.6875
30,0567-GGCAC,No,0.9166666666666666,0.08333333333333333
31,1215-FIGMP,No,1.0,0.0
32,0301-KOBTQ,No,1.0,0.0
33,3039-MJSLN,No,0.5734265734265734,0.42657342657342656
34,2501-XWWTZ,Yes,0.47413793103448276,0.5258620689655172
35,2809-ZMYOQ,No,0.6201550387596899,0.3798449612403101
36,6918-UMQCG,Yes,0.47413793103448276,0.5258620689655172
37,5795-KTGUD,No,0.7692307692307693,0.23076923076923078
38,7460-ITWWP,No,0.6201550387596899,0.3798449612403101
39,4580-TMHJU,No,0.8068181818181818,0.19318181818181818
40,2577-GVSIL,No,0.9659090909090909,0.03409090909090909
41,3990-QYKBE,No,0.6201550387596899,0.3798449612403101
42,3750-RNQKR,No,0.9166666666666666,0.08333333333333333
43,1241-FPMOF,No,1.0,0.0
44,3957-SQXML,No,1.0,0.0
45,3158-MOERK,Yes,0.304,0.696
46,5334-AFQJB,No,1.0,0.0
47,2203-GHNWN,Yes,0.304,0.696
48,8608-OZTLB,No,0.9659090909090909,0.03409090909090909
49,6982-UQZLY,Yes,0.0,1.0
50,8058-DMYRU,No,0.6201550387596899,0.3798449612403101
51,1205-WNWPJ,No,0.9166666666666666,0.08333333333333333
52,7665-VIGUD,No,0.8787878787878788,0.12121212121212122
53,7503-EPSZW,No,1.0,0.0
54,1492-KGETH,No,0.9659090909090909,0.03409090909090909
55,2880-FPNAE,Yes,0.24561403508771928,0.7543859649122807
56,8937-RDTHP,Yes,0.24561403508771928,0.7543859649122807
57,1319-YLZJG,Yes,0.47413793103448276,0.5258620689655172
58,4987-GQWPO,No,0.6379310344827587,0.3620689655172414
59,8859-DZTGQ,No,1.0,0.0
60,2809-ILCYT,No,0.9659090909090909,0.03409090909090909
61,2055-PDADH,Yes,0.47413793103448276,0.5258620689655172
62,0533-UCAAU,No,0.9659090909090909,0.03409090909090909
63,9392-XBGTD,No,1.0,0.0
64,0827-ITJPH,No,1.0,0.0
65,3346-BRMIS,No,0.6379310344827587,0.3620689655172414
66,7675-OZCZG,Yes,0.3333333333333333,0.6666666666666666
67,0898-XCGTF,No,0.8823529411764706,0.11764705882352941
68,5520-FVEWJ,Yes,0.304,0.696
69,8679-JOEVF,No,0.8068181818181818,0.19318181818181818
70,9926-PJHDQ,No,0.9675324675324676,0.032467532467532464
71,6893-ODYYE,No,0.8823529411764706,0.11764705882352941
72,3550-SAHFP,No,0.6201550387596899,0.3798449612403101
73,6351-SCJKT,No,0.5734265734265734,0.42657342657342656
74,2791-SFVEW,No,0.9166666666666666,0.08333333333333333
75,3197-NNYNB,No,0.6538461538461539,0.34615384615384615
76,7549-MYGPK,No,1.0,0.0
77,6897-RWMUB,No,0.9675324675324676,0.032467532467532464
78,5312-IRCFR,No,0.8823529411764706,0.11764705882352941
79,7450-NWRTR,Yes,0.304,0.696
80,6122-LJADA,No,0.9675324675324676,0.032467532467532464
81,5481-NTDOH,No,0.7692307692307693,0.23076923076923078
82,9357-UJRUN,No,0.9659090909090909,0.03409090909090909
83,9498-FIMXL,No,0.8787878787878788,0.12121212121212122
84,9351-HXDMR,No,1.0,0.0
85,4910-AQFFX,Yes,0.304,0.696
86,0655-RBDUG,Yes,0.304,0.696
87,0788-DXBFY,No,0.9659090909090909,0.03409090909090909
88,2599-CZABP,No,0.8787878787878788,0.12121212121212122
89,6017-PPLPX,Yes,0.47413793103448276,0.5258620689655172
90,9369-XFEHK,No,0.6201550387596899,0.3798449612403101
91,4896-CPRPF,No,1.0,0.0
92,5149-QYTTU,No,0.8823529411764706,0.11764705882352941
93,6265-FRMTQ,No,1.0,0.0
94,1702-CCFNJ,No,0.8068181818181818,0.19318181818181818
95,9861-PDSZP,No,1.0,0.0
96,0268-QKIWO,No,0.5734265734265734,0.42657342657342656
97,2045-BMBTJ,No,0.6379310344827587,0.3620689655172414
98,6791-YBNAK,No,0.6379310344827587,0.3620689655172414
99,5173-WXOQV,No,0.9166666666666666,0.08333333333333333
100,2309-OSFEU,No,0.6379310344827587,0.3620689655172414
101,2665-NPTGL,Yes,0.304,0.696
102,5808-TOTXO,No,0.8787878787878788,0.12121212121212122
103,9170-GYZJC,No,0.8068181818181818,0.19318181818181818
104,7803-XOCCZ,No,0.6201550387596899,0.3798449612403101
105,1356-MKYSK,No,0.9166666666666666,0.08333333333333333
106,0956-ACVZC,No,0.8823529411764706,0.11764705882352941
107,9317-WZPGV,Yes,0.47413793103448276,0.5258620689655172
108,1730-VFMWO,No,0.8068181818181818,0.19318181818181818
109,9931-DCEZH,No,0.9659090909090909,0.03409090909090909
110,2472-OVKUP,Yes,0.47413793103448276,0.5258620689655172
111,4676-MQUEA,No,0.8823529411764706,0.11764705882352941
112,2265-CYWIV,Yes,0.304,0.696
113,9938-TKDGL,No,0.9675324675324676,0.032467532467532464
114,2007-QVGAW,No,1.0,0.0
115,9700-ZCLOT,No,0.5734265734265734,0.42657342657342656
116,6497-TILVL,No,0.9166666666666666,0.08333333333333333
117,5876-HZVZM,No,0.9166666666666666,0.08333333333333333
118,0048-PIHNL,No,0.9659090909090909,0.03409090909090909
119,3580-REOAC,No,0.9166666666666666,0.08333333333333333
120,5989-OMNJE,No,0.9659090909090909,0.03409090909090909
121,9495-SKLKD,No,0.6201550387596899,0.3798449612403101
122,1450-GALXR,Yes,0.304,0.696
123,7197-VOJMM,No,0.9675324675324676,0.032467532467532464
124,5970-GHJAW,No,1.0,0.0
125,9581-GVBXT,No,0.9659090909090909,0.03409090909090909
126,6599-GZWCM,No,0.8787878787878788,0.12121212121212122
127,9752-ZNQUT,No,0.5734265734265734,0.42657342657342656
128,7126-RBHSD,Yes,0.304,0.696
129,6227-FBDXH,No,0.8823529411764706,0.11764705882352941
130,0362-RAOQO,No,1.0,0.0
131,8098-LLAZX,Yes,0.304,0.696
132,4163-NCJAK,No,0.9659090909090909,0.03409090909090909
133,5231-FIQPA,No,1.0,0.0
134,1833-VGRUM,Yes,0.24561403508771928,0.7543859649122807
135,6894-LFHLY,Yes,0.24561403508771928,0.7543859649122807
136,1641-BYBTK,No,0.9166666666666666,0.08333333333333333
137,1320-REHCS,Yes,0.2,0.8
138,9389-ACWBI,Yes,0.47413793103448276,0.5258620689655172
139,4919-MOAVT,Yes,0.47413793103448276,0.5258620689655172
140,5032-USPKF,No,0.8823529411764706,0.11764705882352941
141,3556-BVQGL,No,0.8787878787878788,0.12121212121212122
142,5619-PTMIK,No,0.8068181818181818,0.19318181818181818
143,7921-LMDFQ,No,0.8823529411764706,0.11764705882352941
144,4849-PYRLQ,No,0.9675324675324676,0.032467532467532464
145,4778-IZARL,No,1.0,0.0
146,7801-CEDNV,No,0.9659090909090909,0.03409090909090909
147,1666-JXLKU,No,0.6201550387596899,0.3798449612403101
148,9039-ZVJDC,No,0.5734265734265734,0.42657342657342656
149,0970-ETWGE,Yes,0.24561403508771928,0.7543859649122807
150,6615-ZGEDR,No,0.5734265734265734,0.42657342657342656
151,4026-SKKHW,No,0.5734265734265734,0.42657342657342656
152,0531-ZZJWQ,No,0.6201550387596899,0.3798449612403101
153,4112-LUEIZ,Yes,0.47413793103448276,0.5258620689655172
154,9522-BNTHX,No,0.6379310344827587,0.3620689655172414
155,3470-OBUET,No,0.9675324675324676,0.032467532467532464
156,7730-IUTDZ,No,0.6201550387596899,0.3798449612403101
157,6969-MVBAI,Yes,0.304,0.696
158,6578-KRMAW,No,0.6201550387596899,0.3798449612403101
159,6563-VRERX,No,0.9659090909090909,0.03409090909090909
160,0225-ZORZP,Yes,0.47413793103448276,0.5258620689655172
161,7696-AMHOD,No,0.9659090909090909,0.03409090909090909
162,7503-ZGUZJ,Yes,0.24561403508771928,0.7543859649122807
163,4086-YQSNZ,Yes,0.47413793103448276,0.5258620689655172
164,5371-VYLSX,No,0.6201550387596899,0.3798449612403101
165,2230-XTUWL,No,1.0,0.0
166,2314-TNDJQ,No,0.9675324675324676,0.032467532467532464
167,7245-NIIWQ,Yes,0.47413793103448276,0.5258620689655172
168,6625-UTXEW,No,0.9166666666666666,0.08333333333333333
169,8909-BOLNL,No,0.8787878787878788,0.12121212121212122
170,1095-WGNGG,No,0.9675324675324676,0.032467532467532464
171,6348-SNFUS,No,0.9675324675324676,0.032467532467532464
172,2954-PIBKO,No,0.9675324675324676,0.032467532467532464
173,8361-LBRDI,No,1.0,0.0
174,5196-SGOAK,Yes,0.24561403508771928,0.7543859649122807
175,4998-IKFSE,No,0.6201550387596899,0.3798449612403101
176,3318-ISQFQ,No,0.9166666666666666,0.08333333333333333
177,6670-MFRPK,No,0.9675324675324676,0.032467532467532464
178,2853-CWQFQ,No,0.9166666666666666,0.08333333333333333
179,3009-JWMPU,No,0.8823529411764706,0.11764705882352941
180,9889-TMAHG,Yes,0.47413793103448276,0.5258620689655172
181,8944-AILEF,No,0.9166666666666666,0.08333333333333333
182,4801-JZAZL,No,0.6379310344827587,0.3620689655172414
183,2324-EFHVG,No,1.0,0.0
184,7410-YTJIK,Yes,0.304,0.696
185,5204-HMGYF,No,0.8823529411764706,0.11764705882352941
186,5167-ZFFMM,Yes,0.24561403508771928,0.7543859649122807
187,2209-XADXF,No,0.5734265734265734,0.42657342657342656
188,4211-MMAZN,No,0.5734265734265734,0.42657342657342656
189,9494-BDNNC,No,0.8823529411764706,0.11764705882352941
190,6726-WEXXK,No,0.8823529411764706,0.11764705882352941
191,5405-ZMYXQ,Yes,0.304,0.696
192,8799-OXZMD,No,0.6379310344827587,0.3620689655172414
193,2911-IJORQ,No,0.8823529411764706,0.11764705882352941
194,8270-RKSAP,Yes,0.47413793103448276,0.5258620689655172
195,8433-WPJTV,No,1.0,0.0
196,0733-VUNUW,No,0.8068181818181818,0.19318181818181818
197,7321-KKSDU,No,1.0,0.0
198,3317-HRTNN,Yes,0.3333333333333333,0.6666666666666666
199,1925-LFCZZ,No,0.9659090909090909,0.03409090909090909
200,0810-DHDBD,No,0.9659090909090909,0.03409090909090909
201,9415-DPEWS,Yes,0.304,0.696
202,7219-TLZHO,No,0.5734265734265734,0.42657342657342656
203,5605-IYGFG,Yes,0.47413793103448276,0.5258620689655172
204,8849-AYPTR,No,0.6201550387596899,0.3798449612403101
205,4939-KYYPY,No,0.8068181818181818,0.19318181818181818
206,9823-EALYC,No,0.9675324675324676,0.032467532467532464
207,2410-CIYFZ,No,0.5734265734265734,0.42657342657342656
208,4393-RYCRE,Yes,0.3125,0.6875
209,7619-PLRLP,No,0.9659090909090909,0.03409090909090909
210,1482-OXZSY,No,0.6201550387596899,0.3798449612403101
211,5199-FPUSP,No,0.9659090909090909,0.03409090909090909
212,9114-DPSIA,No,0.9675324675324676,0.032467532467532464
213,7064-FRRSW,No,0.8823529411764706,0.11764705882352941
214,7823-JSOAG,Yes,0.304,0.696
215,3427-GGZZI,Yes,0.304,0.696
216,4999-IEZLT,No,0.9659090909090909,0.03409090909090909
217,8204-TIFGJ,No,0.9166666666666666,0.08333333333333333
218,4338-EYCER,No,0.8068181818181818,0.19318181818181818
219,1299-AURJA,No,1.0,0.0
220,8023-QHAIO,No,0.6201550387596899,0.3798449612403101
221,3620-MWJNE,No,0.5734265734265734,0.42657342657342656
222,0219-YTZUE,Yes,0.304,0.696
223,6328-ZPBGN,Yes,0.304,0.696
224,3642-BYHDO,No,1.0,0.0
225,7643-RCHXS,No,1.0,0.0
226,6584-VQMYT,No,0.9659090909090909,0.03409090909090909
227,9127-QRZMH,No,0.9659090909090909,0.03409090909090909
228,1744-JHKYS,No,0.8068181818181818,0.19318181818181818
229,7503-QQRVF,Yes,0.47413793103448276,0.5258620689655172
230,3889-VWBID,No,0.9675324675324676,0.032467532467532464
231,0746-JTRFU,No,0.5734265734265734,0.42657342657342656
232,0902-RFHOF,No,0.9659090909090909,0.03409090909090909
233,5296-PSYVW,No,1.0,0.0
234,3887-PBQAO,No,0.9659090909090909,0.03409090909090909
235,0708-SJDIS,No,0.8068181818181818,0.19318181818181818
236,7142-HVGBG,No,0.6201550387596899,0.3798449612403101
237,2811-POVEX,Yes,0.47413793103448276,0.5258620689655172
238,7030-NJVDP,Yes,0.47413793103448276,0.5258620689655172
239,3519-ZKXGG,Yes,0.304,0.696
240,2260-USTRB,Yes,0.24561403508771928,0.7543859649122807
241,0513-RBGPE,No,1.0,0.0
242,1728-CXQBE,No,1.0,0.0
243,1621-YNCJH,No,1.0,0.0
244,2789-CZANW,No,1.0,0.0
245,3164-YAXFY,No,0.6379310344827587,0.3620689655172414
246,7056-IMHCC,No,0.6201550387596899,0.3798449612403101
247,2916-BQZLN,Yes,0.304,0.696
248,2749-CTKAJ,No,0.9659090909090909,0.03409090909090909
249,2429-AYKKO,No,1.0,0.0
250,5915-ANOEI,No,0.9675324675324676,0.032467532467532464
251,1480-IVEVR,No,0.9659090909090909,0.03409090909090909
252,9640-ZSLDC,No,0.9659090909090909,0.03409090909090909
253,4652-NNHNY,Yes,0.304,0.696
254,2897-DOVND,Yes,0.0,1.0
255,1154-HYWWO,No,0.9659090909090909,0.03409090909090909
256,9103-CXVOK,No,0.5734265734265734,0.42657342657342656
257,7379-FNIUJ,Yes,0.47413793103448276,0.5258620689655172
258,3329-WDIOK,No,0.5734265734265734,0.42657342657342656
259,9743-DQKQW,No,0.5734265734265734,0.42657342657342656
260,7787-BNTZM,No,0.9166666666666666,0.08333333333333333
261,5047-LHVLY,Yes,0.3333333333333333,0.6666666666666666
262,5136-KCKGI,No,1.0,0.0
263,2460-NGXBJ,Yes,0.304,0.696
264,6048-UWKAL,No,0.7692307692307693,0.23076923076923078
265,5889-LFOLL,Yes,0.304,0.696
266,9430-FRQOC,Yes,0.304,0.696
267,6840-RESVB,No,0.8823529411764706,0.11764705882352941
268,3091-FYHKI,No,0.5734265734265734,0.42657342657342656
269,7159-FVYPK,No,0.9166666666666666,0.08333333333333333
270,4929-ROART,No,0.8068181818181818,0.19318181818181818
271,5959-BELXA,No,0.6201550387596899,0.3798449612403101
272,6504-VBLFL,Yes,0.25,0.75
273,6242-SGYTS,No,0.8823529411764706,0.11764705882352941
274,9699-UBQFS,No,0.6201550387596899,0.3798449612403101
275,9606-PBKBQ,No,0.6201550387596899,0.3798449612403101
276,0303-UNCIP,No,0.9659090909090909,0.03409090909090909
277,8974-OVACP,No,0.5734265734265734,0.42657342657342656
278,4844-JJWUY,Yes,0.24561403508771928,0.7543859649122807
279,8092-NLTGF,No,1.0,0.0
280,5143-WMWOG,No,0.5734265734265734,0.42657342657342656
281,2263-SFSQZ,No,1.0,0.0
282,4377-VDHYI,No,0.8823529411764706,0.11764705882352941
283,2806-MLNTI,No,0.6538461538461539,0.34615384615384615
284,4690-LLKUA,No,0.8068181818181818,0.19318181818181818
285,5697-GOMBF,No,0.6379310344827587,0.3620689655172414
286,7609-NRNCA,No,0.8787878787878788,0.12121212121212122
287,2466-FCCPT,No,0.8787878787878788,0.12121212121212122
288,1760-CAZHT,No,0.9166666666666666,0.08333333333333333
289,4698-KVLLG,No,1.0,0.0
290,0123-CRBRT,No,0.9675324675324676,0.032467532467532464
291,1618-CFHME,Yes,0.24561403508771928,0.7543859649122807
292,1442-OKRJE,No,1.0,0.0
293,8148-BPLZQ,No,0.8068181818181818,0.19318181818181818
294,2995-YWTCD,No,1.0,0.0
295,5893-PYOLZ,No,0.9675324675324676,0.032467532467532464
296,7139-JZFVG,No,0.9675324675324676,0.032467532467532464
297,5456-ITGIC,No,0.9675324675324676,0.032467532467532464
298,7067-KSAZT,No,1.0,0.0
299,4892-VLANZ,No,0.5734265734265734,0.42657342657342656
300,5701-GUXDC,No,0.9659090909090909,0.03409090909090909
301,2573-GYRUU,No,0.6201550387596899,0.3798449612403101
302,2225-ZRGSG,No,0.9675324675324676,0.032467532467532464
303,6994-ORCWG,No,0.8787878787878788,0.12121212121212122
304,6771-XWBDM,No,0.6201550387596899,0.3798449612403101
305,9947-OTFQU,Yes,0.47413793103448276,0.5258620689655172
306,3606-SBKRY,No,0.9659090909090909,0.03409090909090909
307,4915-BFSXL,No,0.9675324675324676,0.032467532467532464
308,2272-JKMSI,No,1.0,0.0
309,1409-PHXTF,Yes,0.3125,0.6875
310,7140-ADSMJ,No,0.9166666666666666,0.08333333333333333
311,8654-DHAOW,No,0.5734265734265734,0.42657342657342656
312,9367-WXLCH,Yes,0.304,0.696
313,4826-TZEVA,No,0.6201550387596899,0.3798449612403101
314,2817-NTQDO,No,0.6379310344827587,0.3620689655172414
315,8859-AXJZP,No,1.0,0.0
316,1360-RCYRT,No,0.6379310344827587,0.3620689655172414
317,0516-UXRMT,No,0.8823529411764706,0.11764705882352941
318,8734-DKSTZ,Yes,0.304,0.696
319,2215-ZAFGX,Yes,0.304,0.696
320,7153-OANIO,Yes,0.0,1.0
321,0780-XNZFN,No,1.0,0.0
322,0013-MHZWF,No,0.9166666666666666,0.08333333333333333
323,6993-YCOBK,Yes,0.3125,0.6875
324,0384-LPITE,No,0.9659090909090909,0.03409090909090909
325,9605-WGJVW,Yes,0.24561403508771928,0.7543859649122807
326,0644-OQMDK,Yes,0.47413793103448276,0.5258620689655172
327,5338-YHWYT,No,1.0,0.0
328,6394-MFYNG,Yes,0.2,0.8
329,3863-IUBJR,No,0.8787878787878788,0.12121212121212122
330,4782-OSFXZ,No,0.9675324675324676,0.032467532467532464
331,3594-BDSOA,No,0.9659090909090909,0.03409090909090909
332,0871-URUWO,Yes,0.304,0.696
333,0564-JJHGS,Yes,0.304,0.696
334,8958-JPTRR,No,0.9659090909090909,0.03409090909090909
335,0422-UXFAP,No,0.8823529411764706,0.11764705882352941
336,1122-JWTJW,Yes,0.24561403508771928,0.7543859649122807
337,6474-FVJLC,Yes,0.304,0.696
338,7337-CINUD,No,1.0,0.0
339,4285-GYRQC,Yes,0.47413793103448276,0.5258620689655172
340,9057-SIHCH,Yes,0.304,0.696
341,8065-BVEPF,No,1.0,0.0
342,6572-ADKRS,No,0.6201550387596899,0.3798449612403101
343,7801-KICAO,Yes,0.304,0.696
344,3181-MIZBN,No,0.9166666666666666,0.08333333333333333
345,1431-AIDJQ,No,1.0,0.0
346,7632-YUTXB,No,0.9659090909090909,0.03409090909090909
347,4581-SSPWD,Yes,0.304,0.696
348,6300-BWMJX,No,0.6201550387596899,0.3798449612403101
349,9066-QRSDU,No,0.9659090909090909,0.03409090909090909
350,6559-ILWKJ,No,0.9675324675324676,0.032467532467532464
351,7746-QYVCO,No,0.8787878787878788,0.12121212121212122
352,5268-DSMNQ,No,0.8823529411764706,0.11764705882352941
353,5597-GLBUC,Yes,0.24561403508771928,0.7543859649122807
354,3374-PZLXD,No,0.8068181818181818,0.19318181818181818
355,9481-IEBZY,Yes,0.42857142857142855,0.5714285714285714
356,6814-ZPWFQ,No,0.9659090909090909,0.03409090909090909
357,7246-ZGQDF,No,0.5734265734265734,0.42657342657342656
358,2277-VWCNI,Yes,0.3333333333333333,0.6666666666666666
359,7340-KEFQE,No,1.0,0.0
360,8993-PHFWD,No,0.5734265734265734,0.42657342657342656
361,5734-EJKXG,No,1.0,0.0
362,3585-YNADK,No,0.9659090909090909,0.03409090909090909
363,5285-MVEHD,Yes,0.3125,0.6875
364,1552-TKMXS,No,0.8068181818181818,0.19318181818181818
365,3525-DVKFN,No,1.0,0.0
366,4682-BLBUC,No,0.9659090909090909,0.03409090909090909
367,3373-DIUUN,No,1.0,0.0
368,1976-CFOCS,Yes,0.3333333333333333,0.6666666666666666
369,9426-SXNHE,No,0.5734265734265734,0.42657342657342656
370,0668-OGMHD,No,0.6379310344827587,0.3620689655172414
371,0570-BFQHT,Yes,0.47413793103448276,0.5258620689655172
372,0687-ZVTHB,No,0.9659090909090909,0.03409090909090909
373,8818-DOPVL,No,0.6201550387596899,0.3798449612403101
374,6749-UTDVX,No,1.0,0.0
375,1567-DSCIC,Yes,0.304,0.696
376,0032-PGELS,No,0.5734265734265734,0.42657342657342656
377,8213-TAZPM,No,0.7692307692307693,0.23076923076923078
378,7268-WNTCP,No,1.0,0.0
379,0536-ESJEP,No,0.9675324675324676,0.032467532467532464
380,3665-JATSN,No,0.6379310344827587,0.3620689655172414
381,9025-ZRPVR,No,0.9166666666666666,0.08333333333333333
382,6267-DCFFZ,No,0.6201550387596899,0.3798449612403101
383,5294-DMSFH,No,0.6201550387596899,0.3798449612403101
384,3259-FDWOY,No,0.7692307692307693,0.23076923076923078
385,8749-CLJXC,No,0.5734265734265734,0.42657342657342656
386,2988-GBIVW,Yes,0.42857142857142855,0.5714285714285714
387,2575-GFSOE,Yes,0.47413793103448276,0.5258620689655172
388,4825-FUREZ,No,1.0,0.0
389,5756-JYOJT,No,0.8787878787878788,0.12121212121212122
390,6516-NKQBO,Yes,0.25,0.75
391,0872-JCPIB,No,0.8068181818181818,0.19318181818181818
392,6114-TCFID,No,0.9659090909090909,0.03409090909090909
393,2984-MIIZL,Yes,0.47413793103448276,0.5258620689655172
394,1853-UDXBW,Yes,0.0,1.0
395,8631-WUXGY,No,0.6201550387596899,0.3798449612403101
396,2770-NSVDG,No,0.6379310344827587,0.3620689655172414
397,1323-OOEPC,No,0.6201550387596899,0.3798449612403101
398,2122-YWVYA,Yes,0.47413793103448276,0.5258620689655172
399,4010-YLMVT,Yes,0.2,0.8
400,1077-HUUJM,Yes,0.47413793103448276,0.5258620689655172
401,4195-SMMNX,No,0.5734265734265734,0.42657342657342656
402,8690-UPCZI,No,0.9659090909090909,0.03409090909090909
403,6933-FHBZC,No,0.9659090909090909,0.03409090909090909
404,9504-YAZWB,No,1.0,0.0
405,7089-XXAYG,No,0.9659090909090909,0.03409090909090909
406,8309-IEYJD,Yes,0.24561403508771928,0.7543859649122807
407,6376-GAHQE,Yes,0.47413793103448276,0.5258620689655172
408,9907-SWKKF,Yes,0.0,1.0
409,4163-HFTUK,No,0.9659090909090909,0.03409090909090909
410,2200-DSAAL,No,0.9675324675324676,0.032467532467532464
411,2904-GGUAZ,No,0.9675324675324676,0.032467532467532464
412,3786-WOVKF,No,1.0,0.0
413,9174-FKWZE,Yes,0.0,1.0
414,4456-RHSNB,No,0.8068181818181818,0.19318181818181818
415,3050-GBUSH,No,0.5734265734265734,0.42657342657342656
416,3239-TPHPZ,No,1.0,0.0
417,3389-KTRXV,No,1.0,0.0
418,3933-DQPWX,No,1.0,0.0
419,6485-QXWWE,No,1.0,0.0
420,8942-DBMHZ,No,0.9166666666666666,0.08333333333333333
421,8883-ANODQ,No,0.9675324675324676,0.032467532467532464
422,7971-HLVXI,No,0.9675324675324676,0.032467532467532464
423,0412-UCCNP,Yes,0.25,0.75
424,1448-PWKYE,Yes,0.24561403508771928,0.7543859649122807
425,8433-WXGNA,Yes,0.47413793103448276,0.5258620689655172
426,1930-QPBVZ,No,0.9675324675324676,0.032467532467532464
427,5832-TRLPB,No,0.9659090909090909,0.03409090909090909
428,3082-WQRVY,No,0.8787878787878788,0.12121212121212122
429,7134-MJPDY,No,1.0,0.0
430,6844-DZKRF,No,0.5734265734265734,0.42657342657342656
431,8590-OHDIW,No,0.9659090909090909,0.03409090909090909
432,8152-UOBNY,Yes,0.3125,0.6875
433,9067-SQTNS,No,0.9659090909090909,0.03409090909090909
434,3422-LYEPQ,Yes,0.24561403508771928,0.7543859649122807
435,8409-WQJUX,No,0.9659090909090909,0.03409090909090909
436,6834-NXDCA,No,0.6379310344827587,0.3620689655172414
437,7808-DVWEP,No,0.5734265734265734,0.42657342657342656
438,6435-VWCCY,No,0.9675324675324676,0.032467532467532464
439,8871-JLMHM,No,0.9675324675324676,0.032467532467532464
440,7459-IMVYU,No,0.8068181818181818,0.19318181818181818
441,4351-QLCSU,No,0.5734265734265734,0.42657342657342656
442,4389-UEFCZ,No,1.0,0.0
443,9101-NTIXF,No,0.5734265734265734,0.42657342657342656
444,8910-ICHIU,No,0.8823529411764706,0.11764705882352941
445,4522-XRWWI,No,0.9659090909090909,0.03409090909090909
446,8149-AIQCG,No,0.6201550387596899,0.3798449612403101
447,5686-CMAWK,Yes,0.3333333333333333,0.6666666666666666
448,7463-IFMQU,No,1.0,0.0
449,9281-CEDRU,No,0.9675324675324676,0.032467532467532464
450,5198-EFNBM,No,0.8823529411764706,0.11764705882352941
451,0643-OKLRP,No,0.6201550387596899,0.3798449612403101
452,4828-FAZPK,Yes,0.304,0.696
453,0218-QNVAS,No,0.8823529411764706,0.11764705882352941
454,2408-TZMJL,Yes,0.3125,0.6875
455,2810-FTLEM,No,0.8068181818181818,0.19318181818181818
456,3472-QPRCH,No,1.0,0.0
457,7706-YLMQA,No,0.9659090909090909,0.03409090909090909
458,5406-KGRMX,No,1.0,0.0
459,8624-GIOUT,No,0.8068181818181818,0.19318181818181818
460,6595-COKXZ,No,0.5734265734265734,0.42657342657342656
461,0487-CRLZF,No,0.9675324675324676,0.032467532467532464
462,7938-OUHIO,Yes,0.47413793103448276,0.5258620689655172
463,6980-CDGFC,No,0.9659090909090909,0.03409090909090909
464,2606-PKWJB,No,0.9659090909090909,0.03409090909090909
465,0222-CNVPT,No,0.6379310344827587,0.3620689655172414
466,9365-CSLBQ,No,1.0,0.0
467,0562-FGDCR,No,0.9675324675324676,0.032467532467532464
468,0621-TSSMU,No,0.9659090909090909,0.03409090909090909
469,7389-KBFIT,No,0.5734265734265734,0.42657342657342656
470,7995-ZHHNZ,No,0.9659090909090909,0.03409090909090909
471,0511-JTEOY,Yes,0.24561403508771928,0.7543859649122807
472,6100-QQHEB,Yes,0.304,0.696
473,1791-PQHBB,No,0.9166666666666666,0.08333333333333333
474,0674-DGMAQ,No,0.6201550387596899,0.3798449612403101
475,0564-MUUQK,Yes,0.304,0.696
476,0565-IYCGT,No,0.9659090909090909,0.03409090909090909
477,2878-DHMIN,No,0.9659090909090909,0.03409090909090909
478,9061-TIHDA,Yes,0.304,0.696
479,2378-VTKDH,No,1.0,0.0
480,9767-FFLEM,No,0.6201550387596899,0.3798449612403101
481,7105-BENQF,No,0.8787878787878788,0.12121212121212122
482,4803-AXVYP,No,0.6201550387596899,0.3798449612403101
483,0015-UOCOJ,No,0.9166666666666666,0.08333333333333333
484,2604-IJPDU,Yes,0.47413793103448276,0.5258620689655172
485,0757-WCUUZ,No,0.9675324675324676,0.032467532467532464
486,6719-FGEDO,No,0.9675324675324676,0.032467532467532464
487,6447-EGDIV,No,0.9659090909090909,0.03409090909090909
488,9891-NQDBD,No,0.9659090909090909,0.03409090909090909
489,3327-YBAKM,No,0.8823529411764706,0.11764705882352941
490,4328-VUFWD,No,0.9659090909090909,0.03409090909090909
491,4429-WYGFR,No,0.8068181818181818,0.19318181818181818
492,9987-LUTYD,No,0.8787878787878788,0.12121212121212122
493,1796-JANOW,No,0.5734265734265734,0.42657342657342656
494,1641-RQDAY,No,0.6201550387596899,0.3798449612403101
495,5542-TBBWB,Yes,0.0,1.0
496,3229-USWAR,No,0.9659090909090909,0.03409090909090909
497,5325-UWTWJ,No,0.6201550387596899,0.3798449612403101
498,2402-TAIRZ,No,0.9659090909090909,0.03409090909090909
499,0320-JDNQG,Yes,0.47413793103448276,0.5258620689655172
500,6370-ZVHDV,No,1.0,0.0
501,2195-ZRVAX,No,0.6201550387596899,0.3798449612403101
502,4402-FTBXC,No,0.6201550387596899,0.3798449612403101
503,2245-ADZFJ,No,1.0,0.0
504,1167-OYZJF,No,1.0,0.0
505,1527-SXDPN,No,0.9675324675324676,0.032467532467532464
506,7120-RFMVS,Yes,0.24561403508771928,0.7543859649122807
507,6723-CEGQI,No,1.0,0.0
508,6556-DBKZF,No,0.9675324675324676,0.032467532467532464
509,8138-EALND,No,0.9166666666666666,0.08333333333333333
510,3724-UCSHY,No,0.9166666666666666,0.08333333333333333
511,9866-QEVEE,Yes,0.304,0.696
512,6917-YACBP,No,0.6201550387596899,0.3798449612403101
513,6215-NQCPY,Yes,0.304,0.696
514,4658-HCOHW,Yes,0.47413793103448276,0.5258620689655172
515,0207-MDKNV,Yes,0.47413793103448276,0.5258620689655172
516,1696-HXOWK,No,0.8823529411764706,0.11764705882352941
517,5394-SVGJV,No,0.6201550387596899,0.3798449612403101
518,3401-URHDA,No,0.9659090909090909,0.03409090909090909
519,3703-KBKZP,Yes,0.304,0.696
520,0947-IDHRQ,Yes,0.47413793103448276,0.5258620689655172
521,7797-EJMDP,No,0.9166666666666666,0.08333333333333333
522,1104-FEJAM,No,0.8068181818181818,0.19318181818181818
523,7356-IWLFW,No,0.6201550387596899,0.3798449612403101
524,0562-KBDVM,Yes,0.25,0.75
525,4629-NRXKX,Yes,0.24561403508771928,0.7543859649122807
526,0557-ASKVU,No,0.8787878787878788,0.12121212121212122
527,4280-DLSHD,No,0.9166666666666666,0.08333333333333333
528,1172-VIYBP,No,0.9675324675324676,0.032467532467532464
529,1062-LHZOD,Yes,0.0,1.0
530,2674-MIAHT,Yes,0.304,0.696
531,7235-NXZCP,Yes,0.304,0.696
532,6502-MJQAE,Yes,0.0,1.0
533,0585-EGDDA,No,0.6201550387596899,0.3798449612403101
534,0434-CSFON,No,0.6201550387596899,0.3798449612403101
535,1585-MQSSU,No,0.8068181818181818,0.19318181818181818
536,2146-EGVDT,No,1.0,0.0
537,3494-JCHRQ,Yes,0.0,1.0
538,5396-IZEPB,No,0.9166666666666666,0.08333333333333333
539,8580-AECUZ,Yes,0.24561403508771928,0.7543859649122807
540,7029-RPUAV,Yes,0.304,0.696
541,7696-CFTAT,No,1.0,0.0
542,8644-XYTSV,No,0.6379310344827587,0.3620689655172414
543,6906-ANDWJ,Yes,0.304,0.696
544,5693-PIPCS,No,0.9675324675324676,0.032467532467532464
545,8875-AKBYH,Yes,0.304,0.696
546,4760-THGOT,No,0.6201550387596899,0.3798449612403101
547,5115-GZDEL,No,0.9675324675324676,0.032467532467532464
548,6837-HAEVO,No,0.7692307692307693,0.23076923076923078
549,1833-TCXKK,Yes,0.2,0.8
550,9283-LZQOH,Yes,0.304,0.696
551,6368-TZZDT,No,1.0,0.0
552,2480-EJWYP,No,0.8823529411764706,0.11764705882352941
553,2252-ISRNH,No,0.8787878787878788,0.12121212121212122
554,6967-QIQRV,Yes,0.3333333333333333,0.6666666666666666
555,7963-GQRMY,No,0.5734265734265734,0.42657342657342656
556,2294-SALNE,No,0.8823529411764706,0.11764705882352941
557,6723-WSNTY,No,1.0,0.0
558,8695-WDYEA,No,0.5734265734265734,0.42657342657342656
559,9069-LGEUL,No,0.8068181818181818,0.19318181818181818
560,7605-SNLQG,No,0.8068181818181818,0.19318181818181818
561,3729-OWRVL,No,1.0,0.0
562,7973-DZRKH,No,0.9675324675324676,0.032467532467532464
563,1187-WILMM,No,0.9675324675324676,0.032467532467532464
564,0754-UKWQP,Yes,0.47413793103448276,0.5258620689655172
565,0506-LVNGN,Yes,0.47413793103448276,0.5258620689655172
566,5676-CFLYY,No,0.9675324675324676,0.032467532467532464
567,9206-GVPEQ,No,0.6379310344827587,0.3620689655172414
568,5202-IVJNU,No,0.6379310344827587,0.3620689655172414
569,8992-JQYUN,No,0.5734265734265734,0.42657342657342656
570,3129-AAQOU,No,1.0,0.0
571,9734-UYXQI,No,0.5734265734265734,0.42657342657342656
572,1352-HNSAW,No,1.0,0.0
573,7398-LXGYX,No,0.6201550387596899,0.3798449612403101
574,4633-MKHYU,Yes,0.47413793103448276,0.5258620689655172
575,0022-TCJCI,No,0.9659090909090909,0.03409090909090909
576,2959-FENLU,Yes,0.47413793103448276,0.5258620689655172
577,8263-OKETD,No,0.8068181818181818,0.19318181818181818
578,1925-GMVBW,No,0.5734265734265734,0.42657342657342656
579,0787-LHDYT,No,0.9166666666666666,0.08333333333333333
580,0641-EVBOJ,Yes,0.47413793103448276,0.5258620689655172
581,8612-GXIDD,No,1.0,0.0
582,1397-XKKWR,No,0.8787878787878788,0.12121212121212122
583,6734-JDTTV,No,1.0,0.0
584,4635-EJYPD,No,1.0,0.0
585,4937-QPZPO,No,0.8823529411764706,0.11764705882352941
586,3966-HRMZA,Yes,0.47413793103448276,0.5258620689655172
587,5141-ZUVBH,Yes,0.47413793103448276,0.5258620689655172
588,9435-JMLSX,No,0.9675324675324676,0.032467532467532464
589,4797-MIWUM,No,0.9166666666666666,0.08333333333333333
590,4056-QHXHZ,No,1.0,0.0
591,9474-PHLYD,No,0.8068181818181818,0.19318181818181818
592,9537-VHDTA,No,0.5734265734265734,0.42657342657342656
593,8417-FMLZI,Yes,0.47413793103448276,0.5258620689655172
594,7740-BTPUX,Yes,0.3125,0.6875
595,4553-DVPZG,No,1.0,0.0
596,1171-TYKUR,No,0.8068181818181818,0.19318181818181818
597,9359-JANWS,No,0.9675324675324676,0.032467532467532464
598,5103-MHMHY,No,0.5734265734265734,0.42657342657342656
599,5759-RCVCB,No,0.5734265734265734,0.42657342657342656
600,4936-YPJNK,No,0.9166666666666666,0.08333333333333333
601,9959-WOFKT,No,0.7692307692307693,0.23076923076923078
602,9571-EDEBV,No,0.8823529411764706,0.11764705882352941
603,9720-JJJOR,No,0.9659090909090909,0.03409090909090909
604,5318-YKDPV,No,0.9675324675324676,0.032467532467532464
605,6849-WLEYG,No,0.5734265734265734,0.42657342657342656
606,7156-MXBJE,No,0.8823529411764706,0.11764705882352941
607,6543-JXSOO,No,0.9659090909090909,0.03409090909090909
608,2632-UCGVD,No,1.0,0.0
609,8861-HGGKB,Yes,0.304,0.696
610,5370-IIVVL,No,0.6538461538461539,0.34615384615384615
611,7422-WNBTY,No,0.6201550387596899,0.3798449612403101
612,0506-YLVKJ,No,1.0,0.0
613,7814-LEEVE,No,0.5734265734265734,0.42657342657342656
614,6726-NNFWD,No,0.9675324675324676,0.032467532467532464
615,8739-QOTTN,No,0.5734265734265734,0.42657342657342656
616,1150-FTQGN,No,0.8823529411764706,0.11764705882352941
617,0455-XFASS,Yes,0.47413793103448276,0.5258620689655172
618,7838-LAZFO,No,0.9659090909090909,0.03409090909090909
619,5916-QEWPT,No,0.9166666666666666,0.08333333333333333
620,8573-JGCZW,No,0.8787878787878788,0.12121212121212122
621,4871-JTKJF,Yes,0.0,1.0
622,6595-YGXIT,Yes,0.304,0.696
623,7968-QUXNS,No,0.9166666666666666,0.08333333333333333
624,2144-BFDSO,Yes,0.2,0.8
625,9979-RGMZT,No,0.8787878787878788,0.12121212121212122
626,4439-YRNVD,No,0.6379310344827587,0.3620689655172414
627,0201-OAMXR,No,0.7692307692307693,0.23076923076923078
628,9888-ZCUMM,No,0.9675324675324676,0.032467532467532464
629,3617-XLSGQ,No,1.0,0.0
630,3956-CJUST,Yes,0.47413793103448276,0.5258620689655172
631,3208-YPIOE,No,0.6201550387596899,0.3798449612403101
632,6923-AQONU,No,1.0,0.0
633,9912-GVSEQ,Yes,0.304,0.696
634,0727-BMPLR,No,0.8823529411764706,0.11764705882352941
635,6339-DKLMK,No,0.6379310344827587,0.3620689655172414
636,0454-OKRCT,No,1.0,0.0
637,4710-FDUIZ,No,0.8823529411764706,0.11764705882352941
638,7554-AKDQF,No,0.9166666666666666,0.08333333333333333
639,4223-BKEOR,No,0.8787878787878788,0.12121212121212122
640,2668-TZSPS,No,0.5734265734265734,0.42657342657342656
641,9845-QOMAD,No,0.8787878787878788,0.12121212121212122
642,7318-EIVKO,No,0.9166666666666666,0.08333333333333333
643,8808-ELEHO,Yes,0.304,0.696
644,6773-LQTVT,No,0.6379310344827587,0.3620689655172414
645,0916-QOFDP,Yes,0.304,0.696
646,3283-WCWXT,No,1.0,0.0
647,0936-NQLJU,No,1.0,0.0
648,4572-DVCGN,Yes,0.47413793103448276,0.5258620689655172
649,6110-OHIHY,Yes,0.47413793103448276,0.5258620689655172
650,0530-IJVDB,No,0.7692307692307693,0.23076923076923078
651,1402-PTHGN,No,0.8787878787878788,0.12121212121212122
652,3074-GQWYX,Yes,0.304,0.696
653,8338-QIUNR,No,0.9675324675324676,0.032467532467532464
654,6365-HITVU,No,0.9675324675324676,0.032467532467532464
655,1024-VRZHF,Yes,0.304,0.696
656,0603-TPMIB,No,1.0,0.0
657,7548-SEPYI,Yes,0.47413793103448276,0.5258620689655172
658,5095-AESKG,Yes,0.304,0.696
659,3068-OMWZA,Yes,0.24561403508771928,0.7543859649122807
660,6778-EICRF,No,0.9659090909090909,0.03409090909090909
661,6734-FQAJX,No,0.7692307692307693,0.23076923076923078
662,5762-TJXGK,Yes,0.25,0.75
663,2037-XJFUP,No,0.8823529411764706,0.11764705882352941
664,3428-XZMAZ,Yes,0.0,1.0
665,7407-SUJIZ,No,0.9166666666666666,0.08333333333333333
666,1078-TDCRN,Yes,0.0,1.0
667,5726-CVNYA,No,1.0,0.0
668,3635-JBPSG,No,1.0,0.0
669,8132-YPVBX,Yes,0.47413793103448276,0.5258620689655172
670,5512-IDZEI,No,0.9659090909090909,0.03409090909090909
671,0611-DFXKO,Yes,0.47413793103448276,0.5258620689655172
672,8915-NNTRC,No,1.0,0.0
673,6278-FEPBZ,No,0.9166666666666666,0.08333333333333333
674,5438-QMDDL,No,0.8068181818181818,0.19318181818181818
675,4983-CLMLV,No,0.6201550387596899,0.3798449612403101
676,0925-VYDLG,Yes,0.304,0.696
677,0742-NXBGR,Yes,0.24561403508771928,0.7543859649122807
678,3638-VBZTA,No,0.9675324675324676,0.032467532467532464
679,5229-DTFYB,No,0.9675324675324676,0.032467532467532464
680,9467-ROOLM,No,0.9166666666666666,0.08333333333333333
681,1834-ABKHQ,No,0.9659090909090909,0.03409090909090909
682,0142-GVYSN,No,0.9166666666666666,0.08333333333333333
683,8388-FYNPZ,No,0.5734265734265734,0.42657342657342656
684,1206-EHBDD,No,0.9675324675324676,0.032467532467532464
685,7764-BDPEE,No,0.5734265734265734,0.42657342657342656
686,6629-CZTTH,No,0.5734265734265734,0.42657342657342656
687,9479-HYNYL,No,0.9675324675324676,0.032467532467532464
688,6094-ZIVKX,No,0.9659090909090909,0.03409090909090909
689,7786-WBJYI,Yes,0.304,0.696
690,5678-VFNEQ,No,0.7692307692307693,0.23076923076923078
691,6116-RFVHN,No,0.6201550387596899,0.3798449612403101
692,3714-XPXBW,No,0.8068181818181818,0.19318181818181818
693,9033-EOXWV,No,0.8787878787878788,0.12121212121212122
694,6158-HDPXZ,No,0.5734265734265734,0.42657342657342656
695,3658-KIBGF,No,0.5734265734265734,0.42657342657342656
696,0958-YHXGP,Yes,0.47413793103448276,0.5258620689655172
697,7608-RGIRO,No,1.0,0.0
698,6137-MFAJN,No,0.6379310344827587,0.3620689655172414
699,4223-WOZCM,Yes,0.3333333333333333,0.6666666666666666
700,5923-GXUOC,Yes,0.47413793103448276,0.5258620689655172
701,4589-IUAJB,No,1.0,0.0
702,1684-FLBGS,No,0.8068181818181818,0.19318181818181818
703,8748-HFWBO,No,0.8787878787878788,0.12121212121212122
704,0064-YIJGF,No,0.6201550387596899,0.3798449612403101
705,1022-RKXDR,No,0.9659090909090909,0.03409090909090909
706,9170-ARBTB,No,0.9659090909090909,0.03409090909090909
707,2387-KDZQY,No,0.8787878787878788,0.12121212121212122
708,6185-TASNN,Yes,0.3333333333333333,0.6666666666666666
709,0487-RPVUM,No,1.0,0.0
710,8083-YTZES,Yes,0.304,0.696
711,2761-OCIAX,Yes,0.47413793103448276,0.5258620689655172
712,8961-QDZZJ,No,0.8823529411764706,0.11764705882352941
713,6633-MPWBS,No,0.5734265734265734,0.42657342657342656
714,1565-RHDJD,Yes,0.304,0.696
715,0520-FDVVT,No,1.0,0.0
716,1934-SJVJK,No,0.5734265734265734,0.42657342657342656
717,4737-AQCPU,No,0.9675324675324676,0.032467532467532464
718,7439-DKZTW,Yes,0.24561403508771928,0.7543859649122807
719,2480-SQIOB,No,0.5734265734265734,0.42657342657342656
720,5382-TEMLV,No,0.8068181818181818,0.19318181818181818
721,5233-GEEAX,No,1.0,0.0
722,4795-UXVCJ,No,0.9659090909090909,0.03409090909090909
723,2876-VBBBL,No,0.5734265734265734,0.42657342657342656
724,8853-TZDGH,No,1.0,0.0
725,5696-CEIQJ,No,0.7692307692307693,0.23076923076923078
726,5376-DEQCP,Yes,0.24561403508771928,0.7543859649122807
727,8040-MNRTF,Yes,0.24561403508771928,0.7543859649122807
728,0407-BDJKB,No,1.0,0.0
729,9134-WYRVP,No,0.8823529411764706,0.11764705882352941
730,1663-MHLHE,No,0.5734265734265734,0.42657342657342656
731,2229-DPMBI,No,1.0,0.0
732,8413-YNHNV,No,0.9675324675324676,0.032467532467532464
733,1935-IMVBB,No,0.6201550387596899,0.3798449612403101
734,4957-TREIR,No,0.9166666666666666,0.08333333333333333
735,0052-DCKON,No,1.0,0.0
736,1222-LRYKO,No,0.9166666666666666,0.08333333333333333
737,9378-FXTIZ,No,0.9659090909090909,0.03409090909090909
738,4933-BSAIP,No,1.0,0.0
739,6500-JVEGC,No,0.8823529411764706,0.11764705882352941
740,7480-SPLEF,No,1.0,0.0
741,0186-CAERR,No,0.7692307692307693,0.23076923076923078
742,3714-JTVOV,No,0.6201550387596899,0.3798449612403101
743,4080-OGPJL,No,0.9166666666666666,0.08333333333333333
744,9492-TOKRI,Yes,0.304,0.696
745,2729-VNVAP,No,1.0,0.0
746,0635-WKOLD,No,0.9659090909090909,0.03409090909090909
747,4189-NAKJS,No,0.9659090909090909,0.03409090909090909
748,4086-WITJG,No,1.0,0.0
749,3518-PZXZQ,No,0.5734265734265734,0.42657342657342656
750,6815-ABQFQ,Yes,0.3125,0.6875
751,7008-LZVOZ,No,1.0,0.0
752,2030-BTZRO,No,1.0,0.0
753,2371-KFUOG,No,0.8823529411764706,0.11764705882352941
754,9070-BCKQP,No,1.0,0.0
755,0023-UYUPN,No,0.9659090909090909,0.03409090909090909
756,3663-MITLP,Yes,0.47413793103448276,0.5258620689655172
757,1568-LJSZU,No,0.9675324675324676,0.032467532467532464
758,4598-ZADCK,No,0.9659090909090909,0.03409090909090909
759,1270-XKUCC,No,1.0,0.0
760,9248-OJYKK,Yes,0.24561403508771928,0.7543859649122807
761,9552-TGUZV,Yes,0.47413793103448276,0.5258620689655172
762,9711-FJTBX,No,0.8823529411764706,0.11764705882352941
763,2842-JTCCU,No,0.5734265734265734,0.42657342657342656
764,1784-BXEFA,No,0.9166666666666666,0.08333333333333333
765,1257-SXUXQ,No,0.5734265734265734,0.42657342657342656
766,4716-HHKQH,Yes,0.304,0.696
767,1042-HFUCW,No,0.9659090909090909,0.03409090909090909
768,6384-VMJHP,No,0.9675324675324676,0.032467532467532464
769,9572-WUKSB,No,0.5734265734265734,0.42657342657342656
770,5248-RPYWW,No,0.9675324675324676,0.032467532467532464
771,4335-BSMJS,No,1.0,0.0
772,4102-HLENU,No,0.9675324675324676,0.032467532467532464
773,8224-KDLKN,No,1.0,0.0
774,7964-ZRKKG,No,0.8823529411764706,0.11764705882352941
775,6621-NRZAK,No,1.0,0.0
776,3910-MRQOY,No,1.0,0.0
777,7524-VRLPL,No,0.9675324675324676,0.032467532467532464
778,7734-DBOAI,No,0.5734265734265734,0.42657342657342656
779,1023-BQXZE,No,0.9675324675324676,0.032467532467532464
780,0675-NCDYU,No,1.0,0.0
781,5087-SUURX,No,0.6379310344827587,0.3620689655172414
782,8035-BUYVG,No,0.9659090909090909,0.03409090909090909
783,2974-GGUXS,No,0.6201550387596899,0.3798449612403101
784,0348-SDKOL,No,0.6201550387596899,0.3798449612403101
785,2257-BOVXD,No,0.8068181818181818,0.19318181818181818
786,5356-RHIPP,No,0.5734265734265734,0.42657342657342656
787,3946-MHCZW,No,0.5734265734265734,0.42657342657342656
788,8806-EAGWC,No,0.5734265734265734,0.42657342657342656
789,9822-BIIGN,No,0.8068181818181818,0.19318181818181818
790,3569-EDBPQ,Yes,0.304,0.696
791,6646-JPPHA,Yes,0.47413793103448276,0.5258620689655172
792,1265-XTECC,No,0.8823529411764706,0.11764705882352941
793,5966-EMAZU,No,1.0,0.0
794,7639-SUPCW,No,0.8068181818181818,0.19318181818181818
795,8414-OOEEL,No,0.9675324675324676,0.032467532467532464
796,1697-LYYYX,No,0.9659090909090909,0.03409090909090909
797,0709-TVGUR,Yes,0.304,0.696
798,6993-YGFJV,No,0.7692307692307693,0.23076923076923078
799,8327-LZKAS,Yes,0.3125,0.6875
800,1307-TVUFB,No,0.6201550387596899,0.3798449612403101
801,4475-NVTLU,No,1.0,0.0
802,9903-LYSAB,Yes,0.304,0.696
803,9788-YTFGE,No,0.9166666666666666,0.08333333333333333
804,7434-SHXLS,No,0.5734265734265734,0.42657342657342656
805,3422-GALYP,Yes,0.24561403508771928,0.7543859649122807
806,6865-JZNKO,No,0.8068181818181818,0.19318181818181818
807,2187-LZGPL,No,0.6379310344827587,0.3620689655172414
808,6645-MXQJT,Yes,0.47413793103448276,0.5258620689655172
809,9586-JGQKH,No,1.0,0.0
810,8107-KNCIM,Yes,0.304,0.696
811,2357-COQEK,No,0.6201550387596899,0.3798449612403101
812,9601-BRXPO,Yes,0.304,0.696
813,7469-LKBCI,No,1.0,0.0
814,1839-UMACK,No,0.9659090909090909,0.03409090909090909
815,4536-PLEQY,Yes,0.47413793103448276,0.5258620689655172
816,4250-FDVOU,No,0.9166666666666666,0.08333333333333333
817,7382-DFJTU,No,0.8068181818181818,0.19318181818181818
818,5968-XQIVE,No,0.8823529411764706,0.11764705882352941
819,0318-QUUOB,Yes,0.24561403508771928,0.7543859649122807
820,7789-HKSBS,No,0.6538461538461539,0.34615384615384615
821,5067-DGXLL,No,0.5734265734265734,0.42657342657342656
822,4821-SJHJV,No,0.6201550387596899,0.3798449612403101
823,6457-USBER,Yes,0.24561403508771928,0.7543859649122807
824,5423-BHIXO,No,0.8068181818181818,0.19318181818181818
825,3521-SYVOR,No,0.8068181818181818,0.19318181818181818
826,4779-ZGICK,No,1.0,0.0
827,9224-VTYID,No,0.9675324675324676,0.032467532467532464
828,0673-IGUQO,No,0.5734265734265734,0.42657342657342656
829,7560-QRBXH,No,0.9659090909090909,0.03409090909090909
830,9705-ZJBCG,No,0.8787878787878788,0.12121212121212122
831,0654-PQKDW,No,0.9659090909090909,0.03409090909090909
832,0872-NXJYS,Yes,0.47413793103448276,0.5258620689655172
833,6870-ZWMNX,No,0.9675324675324676,0.032467532467532464
834,6379-RXJRQ,Yes,0.47413793103448276,0.5258620689655172
835,0572-ZJKLT,No,0.9675324675324676,0.032467532467532464
836,9617-INGJY,Yes,0.24561403508771928,0.7543859649122807
837,1285-OKIPP,Yes,0.24561403508771928,0.7543859649122807
838,8711-LOBKY,No,1.0,0.0
839,0428-AXXLJ,No,0.9659090909090909,0.03409090909090909
840,2925-MXLSX,No,0.9659090909090909,0.03409090909090909
841,5628-FCGYG,Yes,0.304,0.696
842,2929-QNSRW,No,0.8823529411764706,0.11764705882352941
843,5067-WJEUN,No,0.9675324675324676,0.032467532467532464
844,5243-SAOTC,No,0.6201550387596899,0.3798449612403101
845,0734-OXWBT,No,0.9166666666666666,0.08333333333333333
846,6537-OTKMY,No,0.8787878787878788,0.12121212121212122
847,7627-JKIAZ,No,0.6201550387596899,0.3798449612403101
848,4822-LPTYJ,No,1.0,0.0
849,9231-ZJYAM,Yes,0.47413793103448276,0.5258620689655172
850,9000-PLFUZ,No,1.0,0.0
851,1194-SPVSP,No,0.5734265734265734,0.42657342657342656
852,5919-VCZYM,No,0.5734265734265734,0.42657342657342656
853,3352-RICWQ,No,1.0,0.0
854,2382-BCKQJ,No,0.8823529411764706,0.11764705882352941
855,4795-WRNVT,No,0.8068181818181818,0.19318181818181818
856,1763-KUAAW,No,0.8787878787878788,0.12121212121212122
857,9661-JALZV,No,1.0,0.0
858,2925-VDZHY,No,0.9675324675324676,0.032467532467532464
859,4023-RTIQM,No,0.9659090909090909,0.03409090909090909
860,7537-CBQUZ,No,1.0,0.0
861,2995-UPRYS,No,0.8823529411764706,0.11764705882352941
862,9840-DVNDC,Yes,0.47413793103448276,0.5258620689655172
863,7868-BGSZA,No,0.9659090909090909,0.03409090909090909
864,3814-MLAXC,No,0.6201550387596899,0.3798449612403101
865,8384-FZBJK,No,0.6201550387596899,0.3798449612403101
866,1724-IQWNM,No,0.5734265734265734,0.42657342657342656
867,8464-EETCQ,No,1.0,0.0
868,8929-KSWIH,No,1.0,0.0
869,6680-WKXRZ,Yes,0.304,0.696
870,2868-MZAGQ,Yes,0.24561403508771928,0.7543859649122807
871,0684-AOSIH,Yes,0.24561403508771928,0.7543859649122807
872,4955-VCWBI,No,0.9659090909090909,0.03409090909090909
873,4707-MAXGU,No,1.0,0.0
874,0795-XCCTE,No,1.0,0.0
875,2302-ANTDP,Yes,0.2,0.8
876,3398-FSHON,Yes,0.304,0.696
877,8938-UMKPI,Yes,0.2,0.8
878,0723-VSOBE,No,0.9659090909090909,0.03409090909090909
879,7684-XSZIY,No,1.0,0.0
880,0750-EKNGL,No,0.9166666666666666,0.08333333333333333
881,4962-CHQPW,No,0.9659090909090909,0.03409090909090909
882,7554-NEWDD,No,1.0,0.0
883,7061-OVMIM,No,0.9659090909090909,0.03409090909090909
884,8544-JNBOX,No,1.0,0.0
885,2432-TFSMK,Yes,0.3333333333333333,0.6666666666666666
886,1401-FTHFQ,No,0.9659090909090909,0.03409090909090909
887,5561-NWEVX,Yes,0.304,0.696
888,6777-TGHTM,Yes,0.3125,0.6875
889,2077-MPJQO,Yes,0.304,0.696
890,2037-SGXHH,No,0.6201550387596899,0.3798449612403101
891,7841-TZDMQ,No,0.5734265734265734,0.42657342657342656
892,0927-LCSMG,Yes,0.47413793103448276,0.5258620689655172
893,0305-SQECB,No,0.8787878787878788,0.12121212121212122
894,5950-AAAGJ,Yes,0.304,0.696
895,8348-HFYIV,No,0.5734265734265734,0.42657342657342656
896,5536-RTPWK,No,0.6201550387596899,0.3798449612403101
897,3547-LQRIK,No,0.9659090909090909,0.03409090909090909
898,7502-BNYGS,No,0.8068181818181818,0.19318181818181818
899,6394-HHHZM,No,0.5734265734265734,0.42657342657342656
900,1600-DILPE,No,0.9166666666666666,0.08333333333333333
901,0117-LFRMW,No,0.6379310344827587,0.3620689655172414
902,0685-MLYYM,Yes,0.47413793103448276,0.5258620689655172
903,5965-GGPRW,No,1.0,0.0
904,3891-PUQOD,No,0.9166666666666666,0.08333333333333333
905,0993-OSGPT,No,0.9659090909090909,0.03409090909090909
906,5539-HIVAK,No,0.8068181818181818,0.19318181818181818
907,0578-SKVMF,Yes,0.47413793103448276,0.5258620689655172
908,5915-DGNVC,No,0.9659090909090909,0.03409090909090909
909,2498-XLDZR,No,1.0,0.0
910,7674-YTAFD,No,0.9659090909090909,0.03409090909090909
911,0810-BDHAW,No,0.9659090909090909,0.03409090909090909
912,9258-CNWAC,No,0.7692307692307693,0.23076923076923078
913,6551-GNYDG,Yes,0.47413793103448276,0.5258620689655172
914,8250-ZNGGW,Yes,0.3333333333333333,0.6666666666666666
915,9375-MHRRS,No,0.9166666666666666,0.08333333333333333
916,4626-GYCZP,Yes,0.304,0.696
917,5327-XOKKY,No,0.9675324675324676,0.032467532467532464
918,0017-IUDMW,No,1.0,0.0
919,8200-LGKSR,No,0.9675324675324676,0.032467532467532464
920,2754-SDJRD,Yes,0.304,0.696
921,0318-ZOPWS,No,1.0,0.0
922,8896-RAZCR,No,1.0,0.0
923,6088-BXMRG,No,0.6201550387596899,0.3798449612403101
924,6797-LNAQX,No,0.9675324675324676,0.032467532467532464
925,2369-UAPKZ,Yes,0.304,0.696
926,1455-HFBXA,No,0.9675324675324676,0.032467532467532464
927,1589-AGTLK,No,0.5734265734265734,0.42657342657342656
928,7492-TAFJD,No,1.0,0.0
929,6794-HKIAJ,No,1.0,0.0
930,4671-LXRDQ,No,0.5734265734265734,0.42657342657342656
931,2890-WFBHU,No,0.9659090909090909,0.03409090909090909
932,2676-SSLTO,Yes,0.25,0.75
933,1530-ZTDOZ,No,0.6379310344827587,0.3620689655172414
934,7064-JHXCE,No,1.0,0.0
935,8010-EZLOU,Yes,0.304,0.696
936,4565-EVZMJ,No,0.9659090909090909,0.03409090909090909
937,3645-DEYGF,No,0.5734265734265734,0.42657342657342656
938,3635-QQRQD,No,1.0,0.0
939,1459-QNFQT,No,0.9675324675324676,0.032467532467532464
940,4660-IRIBM,Yes,0.47413793103448276,0.5258620689655172
941,3719-TDVQB,No,1.0,0.0
942,5995-OIGLP,No,0.9166666666666666,0.08333333333333333
943,3902-MIVLE,No,0.9675324675324676,0.032467532467532464
944,0887-HJGAR,No,0.5734265734265734,0.42657342657342656
945,2645-QTLMB,Yes,0.47413793103448276,0.5258620689655172
946,9385-EHGDO,No,1.0,0.0
947,3006-XIMLN,Yes,0.304,0.696
948,7979-CORPM,Yes,0.304,0.696
949,6778-YSNIH,No,0.9166666666666666,0.08333333333333333
950,9094-AZPHK,Yes,0.304,0.696
951,0420-HLGXF,No,0.6201550387596899,0.3798449612403101
952,3066-RRJIO,Yes,0.0,1.0
953,3996-ZNWYK,No,1.0,0.0
954,8784-CGILN,Yes,0.304,0.696
955,4312-KFRXN,No,1.0,0.0
956,8513-OLYGY,No,1.0,0.0
957,8086-OVPWV,Yes,0.47413793103448276,0.5258620689655172
958,5073-RZGBK,No,0.9659090909090909,0.03409090909090909
959,0060-FUALY,No,0.6201550387596899,0.3798449612403101
960,0285-INHLN,No,0.8068181818181818,0.19318181818181818
961,7354-OIJLX,Yes,0.304,0.696
962,0402-OAMEN,No,1.0,0.0
963,7508-KBIMB,No,0.9659090909090909,0.03409090909090909
964,5480-HPRRX,Yes,0.0,1.0
965,8727-XDPUD,No,1.0,0.0
966,1024-GUALD,No,0.5734265734265734,0.42657342657342656
967,6579-JPICP,No,0.5734265734265734,0.42657342657342656
968,3457-PQBYH,No,1.0,0.0
969,8329-UTMVM,No,1.0,0.0
970,5448-VWNAM,No,0.8068181818181818,0.19318181818181818
971,2325-ZUSFD,No,0.9659090909090909,0.03409090909090909
972,1080-BWSYE,No,1.0,0.0
973,5981-ITEMU,No,0.6201550387596899,0.3798449612403101
974,6121-TNHBO,No,0.9659090909090909,0.03409090909090909
975,4824-GUCBY,Yes,0.47413793103448276,0.5258620689655172
976,1741-WTPON,Yes,0.3125,0.6875
977,4692-NNQRU,Yes,0.3333333333333333,0.6666666666666666
978,4695-VADHF,No,0.8068181818181818,0.19318181818181818
979,0743-HRVFF,No,0.9659090909090909,0.03409090909090909
980,5138-WVKYJ,Yes,0.304,0.696
981,1385-TQOZW,No,0.9166666666666666,0.08333333333333333
982,8345-MVDYC,No,0.9675324675324676,0.032467532467532464
983,9758-MFWGD,No,0.9659090909090909,0.03409090909090909
984,3398-GCPMU,No,0.9675324675324676,0.032467532467532464
985,0961-ZWLVI,Yes,0.3125,0.6875
986,8191-XWSZG,No,0.9659090909090909,0.03409090909090909
987,8565-WUXZU,No,0.9675324675324676,0.032467532467532464
988,1303-SRDOK,No,0.9675324675324676,0.032467532467532464
989,3161-ONRWK,No,0.9659090909090909,0.03409090909090909
990,2167-FQSTQ,No,0.9675324675324676,0.032467532467532464
991,8670-ERCJH,No,1.0,0.0
992,1522-VVDMG,Yes,0.47413793103448276,0.5258620689655172
993,9408-HRXRK,No,0.6201550387596899,0.3798449612403101
994,2465-BLLEU,No,0.5734265734265734,0.42657342657342656
995,7813-TKCVO,No,0.8787878787878788,0.12121212121212122
996,5129-JLPIS,Yes,0.47413793103448276,0.5258620689655172
997,6005-OBZPH,Yes,0.304,0.696
998,3605-JISKB,No,0.9659090909090909,0.03409090909090909
999,5802-ADBRC,No,0.6538461538461539,0.34615384615384615
1000,1193-RTSLK,No,0.6201550387596899,0.3798449612403101
1001,2091-RFFBA,No,0.6201550387596899,0.3798449612403101
1002,0114-PEGZZ,Yes,0.2,0.8
1003,4003-OCTMP,No,0.9659090909090909,0.03409090909090909
1004,0379-DJQHR,No,0.9675324675324676,0.032467532467532464
1005,4070-OKWVH,No,0.6201550387596899,0.3798449612403101
1006,0013-SMEOE,No,0.7692307692307693,0.23076923076923078
1007,2862-PFNIK,No,0.5734265734265734,0.42657342657342656
1008,9199-PWQVC,No,0.9659090909090909,0.03409090909090909
1009,8910-LEDAG,No,0.6201550387596899,0.3798449612403101
1010,3345-PBBFH,No,0.9166666666666666,0.08333333333333333
1011,5850-BDWCY,No,0.9166666666666666,0.08333333333333333
1012,5702-SKUOB,No,0.5734265734265734,0.42657342657342656
1013,9593-CVZKR,No,1.0,0.0
1014,8761-NSOBC,No,0.6201550387596899,0.3798449612403101
1015,2360-RDGRO,No,1.0,0.0
1016,8325-QRPZR,Yes,0.47413793103448276,0.5258620689655172
1017,9087-EYCPR,No,1.0,0.0
1018,0537-QYZZN,Yes,0.304,0.696
1019,4877-EVATK,No,0.5734265734265734,0.42657342657342656
1020,9867-NNXLC,No,0.9166666666666666,0.08333333333333333
1021,2243-FNMMI,No,0.9166666666666666,0.08333333333333333
1022,7274-CGTOD,No,1.0,0.0
1023,6194-HBGQN,No,0.9659090909090909,0.03409090909090909
1024,2952-QAYZF,Yes,0.304,0.696
1025,1166-PQLGG,No,1.0,0.0
1026,9921-QFQUL,Yes,0.304,0.696
1027,7716-YTYHG,No,0.9659090909090909,0.03409090909090909
1028,5996-DAOQL,No,0.5734265734265734,0.42657342657342656
1029,3214-IYUUQ,No,0.8823529411764706,0.11764705882352941
1030,7693-LCKZL,Yes,0.304,0.696
1031,6637-KYRCV,No,0.5734265734265734,0.42657342657342656
1032,1265-ZFOSD,No,0.9675324675324676,0.032467532467532464
1033,3224-DFQNQ,No,0.8823529411764706,0.11764705882352941
1034,2930-UOTMB,No,0.8068181818181818,0.19318181818181818
1035,4676-WLUHT,No,1.0,0.0
1036,7398-HPYZQ,No,0.9675324675324676,0.032467532467532464
1037,9681-OXGVC,Yes,0.304,0.696
1038,8182-BJDSI,No,0.6201550387596899,0.3798449612403101
1039,2181-TIDSV,No,1.0,0.0
1040,1862-QRWPE,No,1.0,0.0
1041,7733-UDMTP,No,0.6379310344827587,0.3620689655172414
1042,0208-BPQEJ,No,0.9166666666666666,0.08333333333333333
1043,3815-SLMEF,No,0.5734265734265734,0.42657342657342656
1044,4702-IOQDC,Yes,0.0,1.0
1045,1399-UBQIU,No,0.8068181818181818,0.19318181818181818
1046,5442-BXVND,No,0.8068181818181818,0.19318181818181818
1047,4990-ALDGW,No,1.0,0.0
1048,6024-RUGGH,No,1.0,0.0
1049,3191-CSNMG,Yes,0.47413793103448276,0.5258620689655172
1050,2135-RXIHG,No,0.5734265734265734,0.42657342657342656
1051,5014-WUQMG,No,0.8823529411764706,0.11764705882352941
1052,5788-YPOEG,No,1.0,0.0
1053,4324-BZCKL,No,0.9166666666666666,0.08333333333333333
1054,8382-SHQEH,Yes,0.304,0.696
1055,5382-SOYZL,Yes,0.304,0.696
1056,9600-NAXZN,No,0.6201550387596899,0.3798449612403101
1057,9046-DQMTP,No,0.8068181818181818,0.19318181818181818
1058,4749-VFKVB,No,0.5734265734265734,0.42657342657342656
1059,9801-GDWGV,No,0.6201550387596899,0.3798449612403101
1060,7277-OZCGZ,Yes,0.47413793103448276,0.5258620689655172
1061,4135-FRWKJ,No,0.9659090909090909,0.03409090909090909
1062,3146-MSEGF,No,0.9675324675324676,0.032467532467532464
1063,2190-BCXEC,No,0.6201550387596899,0.3798449612403101
1064,4632-PAOYU,No,0.9659090909090909,0.03409090909090909
1065,5858-EAFCZ,No,0.5734265734265734,0.42657342657342656
1066,8276-MQBYC,No,0.6201550387596899,0.3798449612403101
1067,6207-WIOLX,No,0.6379310344827587,0.3620689655172414
1068,2405-LBMUW,No,0.9659090909090909,0.03409090909090909
1069,7470-DYNOE,No,0.9659090909090909,0.03409090909090909
1070,7296-PIXQY,Yes,0.47413793103448276,0.5258620689655172
1071,2176-OSJUV,No,0.9675324675324676,0.032467532467532464
1072,9496-IVVRP,No,0.9166666666666666,0.08333333333333333
1073,5976-JCJRH,Yes,0.47413793103448276,0.5258620689655172
1074,5294-IMHHT,No,0.8823529411764706,0.11764705882352941
1075,8174-TBVCF,No,0.9675324675324676,0.032467532467532464
1076,4510-HIMLV,Yes,0.0,1.0
1077,4713-LZDRV,Yes,0.47413793103448276,0.5258620689655172
1078,1363-TXLSL,Yes,0.24561403508771928,0.7543859649122807
1079,1545-JFUML,No,0.9675324675324676,0.032467532467532464
1080,4897-QSUYC,No,0.5734265734265734,0.42657342657342656
1081,8931-GJJIQ,Yes,0.304,0.696
1082,8966-KZXXA,No,1.0,0.0
1083,4030-VPZBD,No,0.5734265734265734,0.42657342657342656
1084,5948-UJZLF,No,0.5734265734265734,0.42657342657342656
1085,6928-ONTRW,No,1.0,0.0
1086,6128-CZOMY,No,0.5734265734265734,0.42657342657342656
1087,8985-OOPOS,No,0.8787878787878788,0.12121212121212122
1088,0196-JTUQI,Yes,0.304,0.696
1089,0942-KOWSM,No,1.0,0.0
1090,2672-TGEFF,No,0.6201550387596899,0.3798449612403101
1091,3209-ZPKFI,No,0.8068181818181818,0.19318181818181818
1092,8364-TRMMK,No,0.5734265734265734,0.42657342657342656
1093,6583-KQJLK,Yes,0.47413793103448276,0.5258620689655172
1094,0459-SPZHJ,No,0.9675324675324676,0.032467532467532464
1095,5277-ZLOOR,Yes,0.304,0.696
1096,8966-OIQHG,No,0.9659090909090909,0.03409090909090909
1097,6217-TOWGS,No,0.8068181818181818,0.19318181818181818
1098,8262-COGGB,No,0.5734265734265734,0.42657342657342656
1099,4718-DHSMV,No,0.6379310344827587,0.3620689655172414
1100,8543-MSDMF,No,0.9166666666666666,0.08333333333333333
1101,6615-NGGZJ,Yes,0.304,0.696
1102,1101-SSWAG,No,0.8068181818181818,0.19318181818181818
1103,0440-QEXBZ,No,0.8068181818181818,0.19318181818181818
1104,8003-EWNDZ,No,0.9166666666666666,0.08333333333333333
1105,9530-EHPOH,No,0.9166666666666666,0.08333333333333333
1106,2055-BFOCC,No,0.8823529411764706,0.11764705882352941
1107,9475-NNDGC,No,0.7692307692307693,0.23076923076923078
1108,7951-QKZPL,No,1.0,0.0
1109,0440-EKDCF,No,0.9675324675324676,0.032467532467532464
1110,0756-MPZRL,No,0.9659090909090909,0.03409090909090909
1111,8663-UPDGF,No,0.8068181818181818,0.19318181818181818
1112,0916-KNFAJ,No,0.9675324675324676,0.032467532467532464
1113,7570-WELNY,No,0.9675324675324676,0.032467532467532464
1114,0257-ZESQC,No,0.6201550387596899,0.3798449612403101
1115,3627-FCRDW,Yes,0.47413793103448276,0.5258620689655172
1116,9643-YBLUR,No,0.9166666666666666,0.08333333333333333
1117,6128-DAFVY,No,0.6379310344827587,0.3620689655172414
1118,3099-OONVS,No,0.8068181818181818,0.19318181818181818
1119,7892-QVYKW,Yes,0.304,0.696
1120,3794-NFNCH,No,0.8068181818181818,0.19318181818181818
1121,7153-CHRBV,No,0.9659090909090909,0.03409090909090909
1122,7284-BUYEC,No,0.5734265734265734,0.42657342657342656
1123,5562-BETPV,No,0.8787878787878788,0.12121212121212122
1124,6302-JGYRJ,No,0.9659090909090909,0.03409090909090909
1125,9962-BFPDU,No,0.5734265734265734,0.42657342657342656
1126,4283-FUTGF,Yes,0.304,0.696
1127,6620-JDYNW,No,0.8068181818181818,0.19318181818181818
1128,2576-HXMPA,No,0.5734265734265734,0.42657342657342656
1129,2750-BJLSB,No,0.6538461538461539,0.34615384615384615
1130,9415-ZNBSX,No,0.9675324675324676,0.032467532467532464
1131,7483-IQWIB,No,0.6201550387596899,0.3798449612403101
1132,9750-BOOHV,No,0.9659090909090909,0.03409090909090909
1133,6873-UDNLD,No,0.8068181818181818,0.19318181818181818
1134,4827-DPADN,No,0.9675324675324676,0.032467532467532464
1135,6000-APYLU,Yes,0.47413793103448276,0.5258620689655172
1136,3850-OKINF,No,0.9659090909090909,0.03409090909090909
1137,6067-NGCEU,No,1.0,0.0
1138,1304-SEGFY,No,0.9675324675324676,0.032467532467532464
1139,7228-PAQPD,No,0.8787878787878788,0.12121212121212122
1140,7102-JJVTX,No,0.8787878787878788,0.12121212121212122
1141,3452-ABWRL,No,0.6201550387596899,0.3798449612403101
1142,0516-WJVXC,No,0.5734265734265734,0.42657342657342656
1143,6557-BZXLQ,Yes,0.47413793103448276,0.5258620689655172
1144,3474-BAFSJ,No,0.9675324675324676,0.032467532467532464
1145,5214-NLTIT,No,0.9675324675324676,0.032467532467532464
1146,6259-WJQLC,No,0.6201550387596899,0.3798449612403101
1147,2979-SXESE,Yes,0.304,0.696
1148,7328-OWMOM,No,0.9659090909090909,0.03409090909090909
1149,7328-ZJAJO,No,1.0,0.0
1150,5871-DGTXZ,No,0.9659090909090909,0.03409090909090909
1151,7722-VJRQD,No,0.9675324675324676,0.032467532467532464
1152,7379-POKDZ,Yes,0.47413793103448276,0.5258620689655172
1153,5299-RULOA,Yes,0.304,0.696
1154,4238-HFHSN,No,1.0,0.0
1155,7989-CHGTL,No,0.5734265734265734,0.42657342657342656
1156,0489-WMEMG,No,0.9659090909090909,0.03409090909090909
1157,1875-QIVME,Yes,0.304,0.696
1158,0781-LKXBR,Yes,0.304,0.696
1159,2391-SOORI,No,0.5734265734265734,0.42657342657342656
1160,2516-XSJKX,Yes,0.25,0.75
1161,1025-FALIX,Yes,0.47413793103448276,0.5258620689655172
1162,4367-NHWMM,No,0.5734265734265734,0.42657342657342656
1163,3672-YITQD,No,0.6201550387596899,0.3798449612403101
1164,2684-EIWEO,No,0.6201550387596899,0.3798449612403101
1165,3957-HHLMR,No,0.9659090909090909,0.03409090909090909
1166,3195-TQDZX,No,0.5734265734265734,0.42657342657342656
1167,7901-TBKJX,No,0.6201550387596899,0.3798449612403101
1168,1450-SKCVI,No,0.6201550387596899,0.3798449612403101
1169,5232-NXPAY,No,0.9675324675324676,0.032467532467532464
1170,4226-KKDON,No,0.9166666666666666,0.08333333333333333
1171,5433-KYGHE,Yes,0.304,0.696
1172,5397-TUPSH,No,0.9659090909090909,0.03409090909090909
1173,5514-YQENT,Yes,0.3125,0.6875
1174,4622-YNKIJ,Yes,0.25,0.75
1175,3045-XETSH,Yes,0.304,0.696
1176,6210-KBBPI,Yes,0.304,0.696
1177,9053-EJUNL,No,0.6201550387596899,0.3798449612403101
1178,2669-QVCRG,No,0.6201550387596899,0.3798449612403101
1179,8565-CLBZW,Yes,0.304,0.696
1180,4567-AKPIA,Yes,0.3125,0.6875
1181,1215-EXRMO,No,1.0,0.0
1182,7173-TETGO,No,0.9675324675324676,0.032467532467532464
1183,9787-XVQIU,Yes,0.24561403508771928,0.7543859649122807
1184,8722-NGNBH,No,0.5734265734265734,0.42657342657342656
1185,8819-WFGGJ,No,0.9675324675324676,0.032467532467532464
1186,6120-RJKLU,No,0.9675324675324676,0.032467532467532464
1187,0423-UDIJQ,No,0.9166666666666666,0.08333333333333333
1188,7285-KLOTR,No,0.8787878787878788,0.12121212121212122
1189,1541-ETJZO,No,0.9166666666666666,0.08333333333333333
1190,2256-YLYLP,No,0.9675324675324676,0.032467532467532464
1191,1455-ESIQH,Yes,0.24561403508771928,0.7543859649122807
1192,1545-ACTAS,No,0.8823529411764706,0.11764705882352941
1193,8082-GHXOP,No,0.8068181818181818,0.19318181818181818
1194,7568-PODML,No,0.5734265734265734,0.42657342657342656
1195,1573-LGXBA,No,0.8823529411764706,0.11764705882352941
1196,8183-ONMXC,Yes,0.47413793103448276,0.5258620689655172
1197,9819-FBNSV,No,0.6201550387596899,0.3798449612403101
1198,0442-ZXKVS,Yes,0.3125,0.6875
1199,8902-ZEOVF,No,0.9659090909090909,0.03409090909090909
1200,0253-ZTEOB,No,0.9675324675324676,0.032467532467532464
1201,5626-MGTUK,Yes,0.304,0.696
1202,2801-NISEI,No,0.8068181818181818,0.19318181818181818
1203,3323-CPBWR,Yes,0.304,0.696
1204,6728-WYQBC,No,0.5734265734265734,0.42657342657342656
1205,4560-WQAQW,No,0.9659090909090909,0.03409090909090909
1206,3963-RYFNS,No,1.0,0.0
1207,1095-JUDTC,No,0.6201550387596899,0.3798449612403101
1208,7486-KSRVI,No,0.8823529411764706,0.11764705882352941
1209,8849-PRIQJ,No,0.7692307692307693,0.23076923076923078
1210,9717-QEBGU,Yes,0.24561403508771928,0.7543859649122807
1211,6711-FLDFB,Yes,0.304,0.696
1212,3345-JHUEO,No,0.5734265734265734,0.42657342657342656
1213,3223-DWFIO,Yes,0.47413793103448276,0.5258620689655172
1214,8510-TMWYB,No,0.9675324675324676,0.032467532467532464
1215,6184-DYUOB,No,0.5734265734265734,0.42657342657342656
1216,2931-VUVJN,No,0.8823529411764706,0.11764705882352941
1217,1724-BQUHA,Yes,0.47413793103448276,0.5258620689655172
1218,5839-SUYVZ,Yes,0.47413793103448276,0.5258620689655172
1219,3572-UUHRS,No,0.9659090909090909,0.03409090909090909
1220,8975-SKGRX,No,0.7692307692307693,0.23076923076923078
1221,8634-CILSZ,No,0.7692307692307693,0.23076923076923078
1222,1089-XZWHH,No,1.0,0.0
1223,2208-NKVVH,No,1.0,0.0
1224,8943-URTMR,Yes,0.24561403508771928,0.7543859649122807
1225,5360-LJCNJ,No,0.7692307692307693,0.23076923076923078
1226,2239-CGBUZ,No,0.9659090909090909,0.03409090909090909
1227,6064-PUPMC,No,0.9659090909090909,0.03409090909090909
1228,1814-WFGVS,No,0.9675324675324676,0.032467532467532464
1229,4550-EVXNY,Yes,0.0,1.0
1230,4558-FANTW,Yes,0.47413793103448276,0.5258620689655172
1231,5647-FXOTP,No,1.0,0.0
1232,2347-WKKAE,No,0.6201550387596899,0.3798449612403101
1233,0402-CQAJN,No,0.6201550387596899,0.3798449612403101
1234,2333-KWEWW,No,1.0,0.0
1235,5955-ERIHD,Yes,0.304,0.696
1236,2640-PMGFL,No,0.6201550387596899,0.3798449612403101
1237,6285-FTQBF,No,1.0,0.0
1238,2739-CACDQ,Yes,0.304,0.696
1239,0356-ERHVT,No,0.9166666666666666,0.08333333333333333
1240,5989-PGKJB,Yes,0.47413793103448276,0.5258620689655172
1241,5681-LLOEI,No,0.8823529411764706,0.11764705882352941
1242,7377-DMMRI,No,0.5734265734265734,0.42657342657342656
1243,5248-KWLAR,No,0.9675324675324676,0.032467532467532464
1244,1627-AFWVJ,No,1.0,0.0
1245,6804-GDMOI,Yes,0.3125,0.6875
1246,2739-CCZMB,No,0.5734265734265734,0.42657342657342656
1247,4737-HOBAX,No,0.9675324675324676,0.032467532467532464
1248,2249-YPRNG,Yes,0.304,0.696
1249,9348-YVOMK,No,0.5734265734265734,0.42657342657342656
1250,7602-MVRMB,No,1.0,0.0
1251,3756-VNWDH,No,0.8823529411764706,0.11764705882352941
1252,2805-EDJPQ,No,0.8823529411764706,0.11764705882352941
1253,6692-YQHXC,Yes,0.47413793103448276,0.5258620689655172
1254,3530-VWVGU,No,0.9166666666666666,0.08333333333333333
1255,9842-EFSYY,No,0.5734265734265734,0.42657342657342656
1256,6551-VLJMV,No,1.0,0.0
1257,6542-LWGXJ,No,0.5734265734265734,0.42657342657342656
1258,7941-RCJOW,No,1.0,0.0
1259,1518-OMDIK,No,0.8068181818181818,0.19318181818181818
1260,9239-ZBZZV,No,0.6379310344827587,0.3620689655172414
1261,7033-CLAMM,No,1.0,0.0
1262,5868-YWPDW,Yes,0.47413793103448276,0.5258620689655172
1263,8620-RJPZN,No,0.5734265734265734,0.42657342657342656
1264,9048-JVYVF,No,0.9166666666666666,0.08333333333333333
1265,8155-IBNHG,Yes,0.304,0.696
1266,9122-UMROB,No,0.5734265734265734,0.42657342657342656
1267,3194-ORPIK,No,0.6201550387596899,0.3798449612403101
1268,2332-TODQS,No,0.9659090909090909,0.03409090909090909
1269,5960-MVTUK,No,0.5734265734265734,0.42657342657342656
1270,6502-KUGLL,No,0.8068181818181818,0.19318181818181818
1271,8467-WYNSR,No,0.8068181818181818,0.19318181818181818
1272,4012-YCFAI,No,0.9675324675324676,0.032467532467532464
1273,9574-BOSMD,No,1.0,0.0
1274,8292-TYSPY,No,0.8068181818181818,0.19318181818181818
1275,9451-LPGOO,Yes,0.304,0.696
1276,1976-AZZPJ,No,0.6379310344827587,0.3620689655172414
1277,1090-ESELR,No,1.0,0.0
1278,9950-MTGYX,No,1.0,0.0
1279,7088-FBAWU,No,0.8068181818181818,0.19318181818181818
1280,0835-DUUIQ,No,0.9659090909090909,0.03409090909090909
1281,5712-AHQNN,No,0.6201550387596899,0.3798449612403101
1282,0771-WLCLA,Yes,0.304,0.696
1283,6921-OZMFH,No,0.5734265734265734,0.42657342657342656
1284,4625-LAMOB,No,1.0,0.0
1285,1794-SWWKL,No,0.8068181818181818,0.19318181818181818
1286,2272-UOINI,No,0.9166666666666666,0.08333333333333333
1287,1840-BIUOG,Yes,0.3333333333333333,0.6666666666666666
1288,6229-LSCKB,Yes,0.47413793103448276,0.5258620689655172
1289,1227-UDMZR,No,0.9675324675324676,0.032467532467532464
1290,8046-DNVTL,No,1.0,0.0
1291,5383-MMTWC,Yes,0.304,0.696
1292,9361-YNQWJ,No,0.9659090909090909,0.03409090909090909
1293,5442-BHQNG,Yes,0.24561403508771928,0.7543859649122807
1294,7969-AULMZ,Yes,0.304,0.696
1295,9840-EFJQB,Yes,0.24561403508771928,0.7543859649122807
1296,2133-TSRRM,No,0.6201550387596899,0.3798449612403101
1297,2311-QYMUQ,Yes,0.47413793103448276,0.5258620689655172
1298,1952-DVVSW,No,0.8787878787878788,0.12121212121212122
1299,5186-PEIZU,No,0.9166666666666666,0.08333333333333333
1300,9518-XXBXE,Yes,0.47413793103448276,0.5258620689655172
1301,0397-GZBBC,No,0.6201550387596899,0.3798449612403101
1302,4958-GZWIY,No,0.9166666666666666,0.08333333333333333
1303,8818-XYFCQ,No,0.6201550387596899,0.3798449612403101
1304,5322-ZSMZY,No,1.0,0.0
1305,9895-VFOXH,No,0.5734265734265734,0.42657342657342656
1306,7180-PISOG,Yes,0.24561403508771928,0.7543859649122807
1307,2832-SCUCO,No,0.5734265734265734,0.42657342657342656
1308,2911-UREFD,No,0.6379310344827587,0.3620689655172414
1309,8280-MQRQN,No,0.5734265734265734,0.42657342657342656
1310,5039-LZRQT,No,0.8787878787878788,0.12121212121212122
1311,6286-SUUWT,No,0.5734265734265734,0.42657342657342656
1312,5360-XGYAZ,No,0.9675324675324676,0.032467532467532464
1313,2722-JMONI,Yes,0.3333333333333333,0.6666666666666666
1314,6202-JVYEU,No,0.8787878787878788,0.12121212121212122
1315,2790-XUYMV,No,0.8823529411764706,0.11764705882352941
1316,6715-OFDBP,No,0.9166666666666666,0.08333333333333333
1317,5593-SUAOO,No,0.9659090909090909,0.03409090909090909
1318,1213-NGCUN,No,0.9166666666666666,0.08333333333333333
1319,7780-OTDSO,Yes,0.304,0.696
1320,9570-KYEUA,No,0.9675324675324676,0.032467532467532464
1321,2672-HUYVI,Yes,0.47413793103448276,0.5258620689655172
1322,4011-ARPHK,No,0.8068181818181818,0.19318181818181818
1323,2292-XQWSV,No,0.9659090909090909,0.03409090909090909
1324,4800-VHZKI,No,0.5734265734265734,0.42657342657342656
1325,1197-BVMVG,Yes,0.304,0.696
1326,6288-LBEAR,Yes,0.47413793103448276,0.5258620689655172
1327,5057-RKGLH,No,1.0,0.0
1328,9128-CPXKI,No,0.9675324675324676,0.032467532467532464
1329,1555-HAPSU,No,1.0,0.0
1330,0096-FCPUF,No,0.8068181818181818,0.19318181818181818
1331,1309-BXVOQ,Yes,0.304,0.696
1332,8399-YNDCH,No,0.8068181818181818,0.19318181818181818
1333,2195-VVRJF,No,0.8068181818181818,0.19318181818181818
1334,2380-DAMQP,No,1.0,0.0
1335,2451-YMUXS,No,0.9675324675324676,0.032467532467532464
1336,2550-AEVRU,No,0.9659090909090909,0.03409090909090909
1337,6631-HMANX,No,0.9675324675324676,0.032467532467532464
1338,2027-WKXMW,No,1.0,0.0
1339,0361-HJRDX,No,0.9675324675324676,0.032467532467532464
1340,3096-IZETN,Yes,0.47413793103448276,0.5258620689655172
1341,7641-TQFHN,No,0.9675324675324676,0.032467532467532464
1342,1728-BQDMA,No,0.5734265734265734,0.42657342657342656
1343,4636-JGAAI,No,0.6201550387596899,0.3798449612403101
1344,5712-VBOXD,No,0.5734265734265734,0.42657342657342656
1345,2190-PHBHR,No,0.9675324675324676,0.032467532467532464
1346,9058-MJLZC,Yes,0.47413793103448276,0.5258620689655172
1347,2194-IIQOF,No,0.9675324675324676,0.032467532467532464
1348,0661-XEYAN,Yes,0.0,1.0
1349,7647-GYYKX,No,1.0,0.0
1350,6032-IGALN,No,0.5734265734265734,0.42657342657342656
1351,8845-LWKGE,No,0.9659090909090909,0.03409090909090909
1352,8963-MQVYN,No,0.9166666666666666,0.08333333333333333
1353,4854-SSLTN,No,1.0,0.0
1354,3234-VKACU,No,0.9166666666666666,0.08333333333333333
1355,6140-QNRQQ,Yes,0.24561403508771928,0.7543859649122807
1356,5546-BYZSM,No,0.8068181818181818,0.19318181818181818
1357,4194-WHFCB,No,0.6201550387596899,0.3798449612403101
1358,3498-LZGQZ,No,1.0,0.0
1359,1156-ZFYDO,No,0.5734265734265734,0.42657342657342656
1360,5855-EIBDE,Yes,0.3125,0.6875
1361,9103-TCIHJ,No,0.8068181818181818,0.19318181818181818
1362,5318-IXUZF,Yes,0.47413793103448276,0.5258620689655172
1363,7465-ZZRVX,Yes,0.24561403508771928,0.7543859649122807
1364,6345-FZOQH,No,1.0,0.0
1365,2282-YGNOR,No,0.9659090909090909,0.03409090909090909
1366,7707-PYBBH,No,0.8068181818181818,0.19318181818181818
1367,3096-GKWEB,Yes,0.304,0.696
1368,2637-FKFSY,No,0.5734265734265734,0.42657342657342656
1369,5226-NOZFC,Yes,0.47413793103448276,0.5258620689655172
1370,7895-VONWT,No,0.6379310344827587,0.3620689655172414
1371,1075-BGWOH,Yes,0.304,0.696
1372,1391-UBDAR,Yes,0.47413793103448276,0.5258620689655172
1373,8735-NBLWT,No,0.9166666666666666,0.08333333333333333
1374,5630-IXDXV,Yes,0.2,0.8
1375,2428-ZMCTB,No,0.9166666666666666,0.08333333333333333
1376,6147-CBCRA,No,0.8068181818181818,0.19318181818181818
1377,8774-GSBUN,No,1.0,0.0
1378,3473-XIIIT,Yes,0.304,0.696
1379,5505-OVWQW,No,0.8787878787878788,0.12121212121212122
1380,3890-RTCMS,No,0.8068181818181818,0.19318181818181818
1381,9541-ZPSEA,No,0.9675324675324676,0.032467532467532464
1382,4608-LCIMN,No,0.9166666666666666,0.08333333333333333
1383,6252-DFGTK,No,0.9659090909090909,0.03409090909090909
1384,2228-BZDEE,No,1.0,0.0
1385,2223-GDSHL,No,0.7692307692307693,0.23076923076923078
1386,8819-ZBYNA,Yes,0.3125,0.6875
1387,0939-EREMR,No,0.8068181818181818,0.19318181818181818
1388,0103-CSITQ,Yes,0.3125,0.6875
1389,3352-ALMCK,No,0.6201550387596899,0.3798449612403101
1390,5829-NVSQN,No,0.9659090909090909,0.03409090909090909
1391,4195-PNGZS,No,1.0,0.0
1392,7607-QKKTJ,No,0.8823529411764706,0.11764705882352941
1393,9633-DENPU,No,0.8068181818181818,0.19318181818181818
1394,9625-QSTYE,Yes,0.47413793103448276,0.5258620689655172
1395,4693-VWVBO,No,0.5734265734265734,0.42657342657342656
1396,2740-TVLFN,No,0.5734265734265734,0.42657342657342656
1397,2138-VFAPZ,No,1.0,0.0
1398,8631-NBHFZ,No,0.9675324675324676,0.032467532467532464
1399,5046-NUHWD,No,0.6379310344827587,0.3620689655172414
1400,0867-MKZVY,Yes,0.304,0.696
1401,6173-ITPWD,No,0.6201550387596899,0.3798449612403101
1402,6738-ISCBM,No,0.9659090909090909,0.03409090909090909
1403,5018-GWURO,No,0.6201550387596899,0.3798449612403101
1404,9572-MTILT,Yes,0.2,0.8
1405,7074-STDCN,No,0.6379310344827587,0.3620689655172414
1406,9391-LMANN,No,0.8823529411764706,0.11764705882352941
1407,3863-QSTYI,No,0.8068181818181818,0.19318181818181818
1408,4198-VFOEA,No,0.8787878787878788,0.12121212121212122
